{"cameraMode":{"drawMode":0,"name":"Shaded","section":"Shading Mode"},"sceneLighting":true,"audioPlay":false,"sceneViewState":{"m_AlwaysRefresh":false,"showFog":true,"showSkybox":true,"showFlares":true,"showImageEffects":true,"showParticleSystems":true,"showVisualEffectGraphs":true,"m_FxEnabled":true},"in2DMode":false,"pivot":{"x":-1.9069414138793946,"y":1.193794846534729,"z":-1.539204716682434},"rotation":{"x":0.06465516984462738,"y":0.9266479015350342,"z":-0.18765759468078614,"w":0.31926602125167849},"size":1.1960049867630005,"orthographic":false}